,top_words,top_words_from_mean,top_words_from_diff,most_relev_op
0,quarantin,quarantin,quarantin,1434357
1,gwinn,gwinn,gwinn,1434357
2,fiduciari,debt,fiduciari,1434357
3,debt,fiduciari,debt,1434357
4,418g,act,418g,1434357
5,judg,418g,judg,1434357
6,polic,judg,polic,1434357
7,bankrupt,court,marshal,1434357
8,bill,district,bankrupt,1434357
9,marshal,state,418,1434357
10,transport,polic,transport,1434357
11,418,marshal,bill,1434357
12,bradstreet,bill,district,1434357
13,social,bankrupt,discharg,1434357
14,§,transport,bradstreet,1434357
15,discharg,plaintiff,social,1434357
16,except,418,act,1434357
17,remov,discharg,return,1434357
18,power,§,except,1434357
19,deputi,except,columbia,1434357
20,deputymarsh,power,deputymarsh,1434357
21,sheep,return,sheep,1434357
22,1840,bradstreet,deputi,1434357
23,return,social,1840,1434357
24,agreement,columbia,remov,1434357
25,sign,remov,power,1434357
26,board,agreement,conklin,1434357
27,act,notic,1878,1434357
28,1878,rule,agreement,1434357
29,district,deputi,coverag,1434357
30,conklin,deputymarsh,notic,1434357
31,employe,sheep,sign,1434357
32,coverag,1840,system,1434357
33,plaintiff,congress,storr,1434357
34,columbia,amend,termin,1434357
35,ohio,statut,kentucki,1434357
36,creditor,upon,ohio,1434357
37,storr,may,§,1434357
38,termin,sign,plaintiff,1434357
39,amend,board,1839,1434357
40,rule,term,execut,1434357
41,kentucki,system,employe,1434357
42,stock,execut,territori,1434357
43,commission,1878,term,1434357
44,statut,conklin,martha,1434357
45,control,employe,amend,1434357
46,1839,ohio,rule,1434357
47,execut,shall,board,1434357
48,school,coverag,creditor,1434357
49,martha,termin,tender,1434357
50,territori,defend,ferguson,1434357
51,congress,territori,congress,1434357
52,indict,kentucki,word,1434357
53,state,creditor,plenari,1434357
54,ferguson,case,9825,1434357
55,trial,provis,control,1434357
56,word,storr,school,1434357
57,court,error,provis,1434357
58,plenari,author,commission,1434357
59,system,word,forsyth,1434357
60,fund,stock,owe,1434357
61,9825,receiv,stock,1434357
62,owe,commission,affair,1434357
63,secur,mr,fund,1434357
64,1983,control,ballanc,1434357
65,factor,1839,1983,1434357
66,forsyth,money,factor,1434357
67,affair,govern,receiv,1434357
68,attorney,school,indict,1434357
69,worker,section,dem,1434357
70,agricultur,law,statut,1434357
71,ballanc,trial,money,1434357
72,capac,martha,worker,1434357
73,commiss,made,agricultur,1434357
74,dem,tender,repeal,1434357
75,limit,secur,secur,1434357
76,tender,fund,capac,1434357
77,mr,indict,indebt,1434357
78,offic,without,shall,1434357
79,shall,ferguson,abolish,1434357
80,depart,said,given,1434357
81,govern,given,truste,1434357
82,indebt,judgment,vs,1434357
83,administr,provid,author,1434357
84,receiv,limit,fi,1434357
85,perman,commiss,communic,1434357
86,abolish,gener,fa,1434357
87,caus,plenari,perman,1434357
88,appoint,truste,theretofor,1434357
89,withdraw,within,withdraw,1434357
90,carrier,9825,depart,1434357
91,reserv,owe,hagan,1434357
92,bond,affair,administr,1434357
93,judgment,secretari,may,1434357
94,provis,1983,secretari,1434357
95,theretofor,offic,1890,1434357
96,shipment,factor,eckloff,1434357
97,money,repeal,defalc,1434357
98,1890,administr,honour,1434357
99,deliveri,right,memori,1434357
100,fi,forsyth,9734,1434357
101,correct,depart,limit,1434357
102,upon,attorney,alter,1434357
103,communic,worker,mention,1434357
104,forc,note,williamholliday,1434357
105,fa,agricultur,267988,1434357
106,hagan,time,thereceipt,1434357
107,particip,ballanc,errorvbuchanan,1434357
108,gener,unit,appoint,1434357
109,memori,capac,forthcom,1434357
110,may,appoint,contagi,1434357
111,defalc,counsel,cole,1434357
112,ambigu,caus,hazleton,1434357
113,ought,would,obey,1434357
114,legisl,requir,devolv,1434357
115,eckloff,dem,without,1434357
116,honour,mean,employé,1434357
117,case,properti,shipment,1434357
118,term,grant,ambigu,1434357
119,9734,question,418a1,1434357
120,secretari,stat,trial,1434357
121,local,person,uscod,1434357
122,cincinnati,forc,forc,1434357
123,cole,vs,attorney,1434357
124,notic,indebt,cincinnati,1434357
125,forthcom,mention,correct,1434357
126,errorvbuchanan,one,funds—a,1434357
127,williamholliday,c,adminnew,1434357
128,267988,perman,particip,1434357
129,thereceipt,abolish,deliveri,1434357
130,repeal,public,hand,1434357
131,devolv,bond,jamesjackson,1434357
132,contagi,express,bradstreetvdaniel,1434357
133,error,withdraw,capad,1434357
134,transfer,hand,metropolitan,1434357
135,uscod,carrier,key,1434357
136,demand,also,govern,1434357
137,author,first,contractu,1434357
138,hazleton,matter,mr,1434357
139,mention,correct,calendar,1434357
140,employé,reserv,silver,1434357
141,carri,present,propos,1434357
142,418a1,theretofor,experi,1434357
143,mississippi,opinion,error,1434357
144,experi,alter,scheep,1434357
145,object,shipment,chiefjustic,1434357
146,stat,therefor,summari,1434357
147,truste,1890,merchant,1434357
148,key,place,hrrep,1434357
149,adminnew,deliveri,million,1434357
150,metropolitan,fi,ought,1434357
151,contractu,demand,signif,1434357
152,said,due,depreci,1434357
153,ibid,communic,1829,1434357
154,funds—a,fa,mean,1434357
155,time,new,reserv,1434357
156,trust,circuit,provid,1434357
157,depreci,legisl,sir—in,1434357
158,silver,propos,made——,1434357
159,law,hagan,scabi,1434357
160,1861,follow,obt,1434357
161,afterward,order,1861,1434357
162,offer,particip,express,1434357
163,jamesjackson,us,movement,1434357
164,bradstreetvdaniel,respect,ad,1434357
165,capad,obtain,demand,1434357
166,program,ad,limerick,1434357
167,movement,object,note,1434357
168,salari,memori,hoio,1434357
169,section,direct,scabbi,1434357
170,instruct,co,counsel,1434357
171,california,defalc,monday,1434357
172,fed,ambigu,proceeds——,1434357
173,certif,contract,salari,1434357
174,knew,constitut,ibid,1434357
175,defend,ought,reappoint,1434357
176,hrrep,obey,gave,1434357
177,vs,april,gold,1434357
178,made,eckloff,seventyeight,1434357
179,counsel,honour,102,1434357
180,within,establish,27th,1434357
181,gold,9734,knew,1434357
182,provid,parti,commiss,1434357
183,1829,local,chapman,1434357
184,right,regul,section,1434357
185,cong,cincinnati,sinkingfund,1434357
186,signif,taken,errvbaltimor,1434357
187,chiefjustic,trust,expressli,1434357
188,ex,cole,conform,1434357
189,scheep,forthcom,trustfund,1434357
190,post,errorvbuchanan,program,1434357
191,mean,thereceipt,write,1434357
192,propos,267988,holliday,1434357
193,sir—in,williamholliday,subordin,1434357
194,1874,gave,banknot,1434357
195,made——,devolv,afterward,1434357
196,obt,contagi,fifteen,1434357
197,scabi,transfer,provabl,1434357
198,without,take,1874,1434357
199,calendar,uscod,gener,1434357
200,group,done,written,1434357
201,regul,hazleton,ephraim,1434357
202,limerick,merchant,diseas,1434357
203,chapman,subject,distant,1434357
204,hoio,held,within,1434357
205,scabbi,1,hrcommprint,1434357
206,amount,employé,mississippi,1434357
207,note,carri,kirkland,1434357
208,subordin,summari,sensibl,1434357
209,first,418a1,pursu,1434357
210,duti,2,satisfactori,1434357
211,proceeds——,mississippi,certifi,1434357
212,payment,conclus,contagion,1434357
213,reappoint,experi,group,1434357
214,done,railroad,244,1434357
215,fifteen,key,impli,1434357
216,cent,charg,carrier,1434357
217,alter,duti,cong,1434357
218,million,adminnew,post,1434357
219,seventyeight,metropolitan,obtain,1434357
220,quot,offer,april,1434357
221,practic,contractu,supervis,1434357
222,diseas,expressli,wl,1434357
223,debtor,amount,loughborough,1434357
224,per,ibid,1982,1434357
225,april,certifi,move,1434357
226,sovereign,funds—a,cattl,1434357
227,cattl,must,bale,1434357
228,schedul,refus,print,1434357
229,merchant,write,entrap,1434357
230,grant,anoth,colston,1434357
231,sinkingfund,effect,waybil,1434357
232,1982,conform,mackey,1434357
233,petit,cost,done,1434357
234,satisfactori,written,cheer,1434357
235,supervis,depreci,matter,1434357
236,provabl,full,hoadli,1434357
237,244,silver,uniti,1434357
238,question,1861,local,1434357
239,compani,afterward,extenso,1434357
240,certifi,construct,sovereign,1434357
241,errvbaltimor,calendar,drive,1434357
242,charg,jamesjackson,stat,1434357
243,mandamu,capad,experiment,1434357
244,trustfund,bradstreetvdaniel,manag,1434357
245,holliday,million,tidd,1434357
246,banknot,102,implic,1434357
247,portion,program,offer,1434357
248,person,movement,schedul,1434357
249,age,salari,lehmann,1434357
250,effect,instruct,entireti,1434357
251,sold,reason,fed,1434357
252,obey,california,whatev,1434357
253,motion,move,look,1434357
254,ephraim,fed,carri,1434357
255,summari,certif,placard,1434357
256,sensibl,knew,quot,1434357
257,id,hrrep,manifest,1434357
258,bale,motion,assumpsit,1434357
259,hrcommprint,compani,dip,1434357
260,ad,appear,transfer,1434357
261,collect,day,infecti,1434357
262,requir,hear,oppos,1434357
263,due,decis,hamper,1434357
264,write,gold,1496,1434357
265,live,januari,constru,1434357
266,william,1829,lieuten,1434357
267,kirkland,adopt,provision,1434357
268,present,constru,buchanan,1434357
269,respons,prior,offic,1434357
270,fifth,creat,nineteen,1434357
271,commerci,cong,age,1434357
272,drive,signif,minut,1434357
273,matter,monday,destin,1434357
274,usc,cours,ex,1434357
275,agenc,chiefjustic,full,1434357
276,destin,ex,dear,1434357
277,chang,scheep,place,1434357
278,enact,id,unrestrict,1434357
279,contagion,post,supp,1434357
280,executor,impli,prepar,1434357
281,list,v,endeavour,1434357
282,contest,whatev,cc,1434357
283,properti,part,disobey,1434357
284,minut,sir—in,lawsuit,1434357
285,refus,1874,legisl,1434357
286,given,made——,goldsmith,1434357
287,wl,obt,withhold,1434357
288,treasuri,chang,thereupon,1434357
289,crimin,scabi,1304,1434357
290,cost,manag,418d3,1434357
291,adopt,submit,defend,1434357
292,parti,deliv,upon,1434357
293,mackey,print,commerci,1434357
294,prefer,27th,nestor,1434357
295,loughborough,group,extrem,1434357
296,entrap,respons,voluntari,1434357
297,subdivis,limerick,flem,1434357
298,convey,chapman,judson,1434357
299,exchang,hoio,omiss,1434357
300,1911,scabbi,respons,1434357
301,move,subordin,suddenli,1434357
302,new,noth,hrcomm,1434357
303,assumpsit,extent,newlycov,1434357
304,c,proceeds——,wil,1434357
305,waybil,pursu,misstat,1434357
306,withhold,payment,heretofor,1434357
307,contract,reappoint,1911,1434357
308,uniti,sustain,acced,1434357
309,colston,4,disregard,1434357
310,manag,true,subdivis,1434357
311,implic,fifteen,rigidli,1434357
312,entireti,cent,1264,1434357
313,experiment,seventyeight,extent,1434357
314,cheer,quot,replic,1434357
315,hoadli,show,holt,1434357
316,lieuten,practic,intim,1434357
317,railroad,diseas,creat,1434357
318,retir,debtor,misappl,1434357
319,extenso,per,vest,1434357
320,tidd,3,conclus,1434357
321,prior,agenc,contest,1434357
322,jurisdict,pass,418a,1434357
323,co,sovereign,adopt,1434357
324,r,cattl,retir,1434357
325,cours,schedul,unmind,1434357
326,week,vest,nugatori,1434357
327,provision,thereupon,496,1434357
328,affidavit,found,undersign,1434357
329,direct,sinkingfund,notifi,1434357
330,fourth,1982,week,1434357
331,lehmann,petit,therefor,1434357
332,lawsuit,satisfactori,live,1434357
333,vest,supervis,paso,1434357
334,buchanan,provabl,anoth,1434357
335,placard,244,object,1434357
336,intim,look,slaughter,1434357
337,princip,declar,due,1434357
338,penal,view,mandamu,1434357
339,hand,errvbaltimor,reduc,1434357
340,unit,distant,penal,1434357
341,delay,march,italic,1434357
342,nineteen,commerci,debtor,1434357
343,hamper,prepar,strictli,1434357
344,expressli,compens,establish,1434357
345,dip,mandamu,236,1434357
346,thousand,trustfund,trust,1434357
347,suprem,holliday,forsythand,1434357
348,replic,writ,849,1434357
349,day,implic,plaintiffvhenri,1434357
350,infecti,import,1185,1434357
351,challeng,banknot,guardian,1434357
352,organ,portion,1008,1434357
353,1496,point,januari,1434357
354,jackson,age,list,1434357
355,guardian,mani,caus,1434357
356,cc,union,andcopartn,1434357
357,balanc,bound,pursuanc,1434357
358,pass,supp,submit,1434357
359,impli,jurisdict,memoranda,1434357
360,part,sold,1935,1434357
361,dear,suprem,unmistak,1434357
362,1935,exercis,forbid,1434357
363,unrestrict,manifest,matur,1434357
364,januari,necessari,untru,1434357
365,written,oppos,portion,1434357
366,purpos,6,confound,1434357
367,mandat,ephraim,ordinari,1434357
368,disobey,includ,arose——,1434357
369,demurr,languag,respect,1434357
370,42,11,intermedi,1434357
371,strictli,sensibl,creder,1434357
372,anoth,consid,tebbett,1434357
373,endeavour,bale,wish,1434357
374,496,interest,fifth,1434357
375,1304,manner,ray,1434357
376,goldsmith,call,earliest,1434357
377,singl,hrcommprint,grant,1434357
378,depend,collect,california,1434357
379,thereupon,benefit,taney,1434357
380,name,content,mirror,1434357
381,loui,ordinari,recept,1434357
382,cotton,live,harrison,1434357
383,letter,instrument,noth,1434357
384,chief,william,repos,1434357
385,york,kirkland,chang,1434357
386,dollar,voluntari,bound,1434357
387,show,challeng,prefer,1434357
388,northern,organ,agenc,1434357
389,would,determin,true,1434357
390,62,year,embodi,1434357
391,car,fifth,greatli,1434357
392,judson,drive,jackson,1434357
393,suddenli,complet,documentari,1434357
394,exist,committe,unimport,1434357
395,holt,usc,1950,1434357
396,decre,consent,eighteen,1434357
397,wish,destin,796,1434357
398,benefit,say,unauthor,1434357
399,circuit,regard,refus,1434357
400,418d3,enact,1846,1434357
401,sct,reduc,28th,1434357
402,nestor,entitl,cours,1434357
403,union,contain,23d,1434357
404,establish,contagion,mani,1434357
405,noth,applic,mandatori,1434357
406,pursu,executor,direct,1434357
407,acced,purpos,conductor,1434357
408,flem,list,percent,1434357
409,constru,contest,occur,1434357
410,place,minut,outcom,1434357
411,misstat,wl,harmon,1434357
412,consid,occur,studi,1434357
413,mani,revers,alfr,1434357
414,necessari,led,swear,1434357
415,taken,disregard,illustr,1434357
416,fraud,treasuri,1830,1434357
417,bankruptci,crimin,follow,1434357
418,constitut,r,made,1434357
419,102,omiss,572,1434357
420,rigidli,argument,interf,1434357
421,newlycov,mackey,prior,1434357
422,hrcomm,prefer,taken,1434357
423,connect,oblig,moorehead,1434357
424,railway,loughborough,mercantil,1434357
425,misappl,entrap,descript,1434357
426,next,subdivis,882,1434357
427,paso,convey,first,1434357
428,crime,exchang,recollect,1434357
429,1264,1911,southwestern,1434357
430,forbid,intend,brewer,1434357
431,illustr,employ,executor,1434357
432,slaughter,exist,oldag,1434357
433,undersign,brought,mandat,1434357
434,found,assumpsit,846,1434357
435,unmind,heretofor,instrument,1434357
436,determin,sct,previou,1434357
437,thoma,justic,interview,1434357
438,nugatori,proceed,take,1434357
439,come,contend,insert,1434357
440,849,waybil,cost,1434357
441,monday,withhold,911,1434357
442,418a,uniti,19th,1434357
443,point,colston,exchang,1434357
444,mandatori,confer,opinion——,1434357
445,intermedi,york,el,1434357
446,bank,entireti,instruct,1434357
447,1950,experiment,mischief,1434357
448,herebi,cheer,613,1434357
449,1846,hoadli,788,1434357
450,call,p,lawmak,1434357
451,instrument,file,also,1434357
452,1008,lieuten,whilst,1434357
453,understood,retir,incorrect,1434357
454,eighteen,extenso,thought,1434357
455,subject,howev,ignor,1434357
456,harrison,tidd,attorneygener,1434357
457,manifest,violat,idea,1434357
458,particular,unless,remit,1434357
459,taney,prove,spread,1434357
460,supp,resid,lord,1434357
461,passag,thoma,balanc,1434357
462,italic,week,valuabl,1434357
463,reason,enter,suffer,1434357
464,penalti,provision,suitabl,1434357
465,memoranda,proce,challeng,1434357
466,ignor,affidavit,thoma,1434357
467,element,notifi,manner,1434357
468,1185,fourth,obscur,1434357
469,polit,descript,retain,1434357
470,untru,19,georg,1434357
471,order,whether,committe,1434357
472,brewer,either,familiar,1434357
473,prepar,evid,lynch,1434357
474,senat,previou,419,1434357
475,conductor,lehmann,morehead,1434357
476,unauthor,lawsuit,320,1434357
477,guilti,extrem,sustain,1434357
478,satisfi,depend,yield,1434357
479,28th,pursuanc,besid,1434357
480,express,make,unten,1434357
481,also,penalti,heckler,1434357
482,23d,buchanan,1951,1434357
483,hear,serv,understood,1434357
484,ray,8,singl,1434357
485,27th,relat,strang,1434357
486,unless,could,62,1434357
487,disabl,placard,old,1434357
488,complet,intim,hear,1434357
489,conform,princip,simpli,1434357
490,plaintiffvhenri,name,infer,1434357
491,forsythand,penal,imput,1434357
492,compens,perform,unwil,1434357
493,consent,delay,delay,1434357
494,bound,nineteen,1435,1434357
495,572,hamper,thousand,1434357
496,extent,dip,servant,1434357
497,confound,thousand,180,1434357
498,attorneygener,georg,wm,1434357
499,construct,guilti,perri,1434357
500,creat,replic,355,1434357
501,earliest,form,current,1434357
502,appear,thing,conceiv,1434357
503,allow,infecti,comprehens,1434357
504,exercis,18,fourth,1434357
505,probabl,subsequ,243,1434357
506,alfr,decid,unanim,1434357
507,outcom,paid,seri,1434357
508,content,duli,sfr,1434357
509,andcopartn,1496,certif,1434357
510,current,forbid,abridg,1434357
511,1883,jackson,proce,1434357
512,1830,accord,consent,1434357
513,led2d,guardian,truth,1434357
514,1871,cc,affidavit,1434357
515,percent,w,mckenna,1434357
516,includ,report,quash,1434357
517,retain,balanc,duli,1434357
518,swear,simpli,1883,1434357
519,documentari,wil,alreadi,1434357
520,repos,236,242,1434357
521,gave,dear,present,1434357
522,arose——,matur,inclin,1434357
523,19th,alreadi,1871,1434357
524,recept,1935,suppos,1434357
525,mercantil,commun,1367,1434357
526,us,unrestrict,150,1434357
527,opinion,suppos,northern,1434357
528,unimport,mandat,135,1434357
529,servant,disobey,otto,1434357
530,796,demurr,treasuri,1434357
531,must,42,superad,1434357
532,remit,strictli,empow,1434357
533,sue,endeavour,240,1434357
534,ordinari,496,frame,1434357
535,account,1304,organ,1434357
536,creder,16,1441,1434357
537,southwestern,goldsmith,arisen,1434357
538,interview,singl,cotton,1434357
539,claus,retain,241,1434357
540,conclus,herebi,complet,1434357
541,harmon,loui,10th,1434357
542,respect,cotton,languag,1434357
543,besid,letter,consolid,1434357
544,recollect,chief,confer,1434357
545,occur,dollar,enlarg,1434357
546,236,northern,succeed,1434357
547,defenc,62,perfectli,1434357
548,suitabl,car,appellantsvpubl,1434357
549,tebbett,judson,418g1,1434357
550,el,larg,edcal1985,1434357
551,dismiss,action,137273,1434357
552,mirror,suddenli,137173,1434357
553,refer,thought,cal198517,1434357
554,thing,dispos,43436,1434357
555,full,holt,persons14,1434357
556,governor,decre,85521,1434357
557,150,come,418g3,1434357
558,pp,wish,130418,1434357
559,appelle,418d3,14511454,1434357
560,p,suffer,410a7,1434357
561,file,nestor,418g13,1434357
562,882,infer,wmcp9734,1434357
563,613,old,secretary7,1434357
564,follow,see,418b5,1434357
565,employ,acced,sworn,1434357
566,voluntari,jame,reexamin,1434357
567,take,flem,misdemeanor,1434357
568,ship,whole,loui,1434357
569,class,misstat,adapt,1434357
570,w,settl,remark,1434357
571,definit,refer,kept,1434357
572,wm,particular,william,1434357
573,320,fraud,herebi,1434357
574,obtain,bankruptci,moment,1434357
575,applic,need,punctual,1434357
576,held,rigidli,element,1434357
577,355,hrcomm,nonprofit,1434357
578,419,newlycov,public,1434357
579,true,privat,ari,1434357
580,846,embodi,annex,1434357
581,accept,connect,depend,1434357
582,one,railway,next,1434357
583,matur,misappl,contend,1434357
584,enter,claim,group6,1434357
585,788,probabl,mandatory11,1434357
586,distant,next,disabl,1434357
587,243,paso,inasmuch,1434357
588,lade,agent,content,1434357
589,march,crime,human,1434357
590,quash,1264,198384,1434357
591,180,12,9813,1434357
592,yield,5,cal1985,1434357
593,911,origin,employees—in,1434357
594,whilst,principl,en,1434357
595,privat,20,structur,1434357
596,owner,illustr,passag,1434357
597,mischief,might,best,1434357
598,240,slaughter,embrac,1434357
599,temporari,heard,enact,1434357
600,print,number,commun,1434357
601,whether,undersign,350354,1434357
602,regard,unmind,43435,1434357
603,242,nugatori,payasyougo,1434357
604,paid,copi,employees16,1434357
605,consolid,849,both8,1434357
606,structur,intent,princip,1434357
607,public,although,13042,1434357
608,1951,418a,temporari,1434357
609,241,instanc,expos,1434357
610,frame,mandatori,break,1434357
611,instanc,intermedi,approxim,1434357
612,form,bank,9821,1434357
613,v,1950,version,1434357
614,aros,appli,forfeit,1434357
615,assembl,1846,call,1434357
616,moorehead,studi,aros,1434357
617,therefor,individu,late,1434357
618,lawmak,1008,42,1434357
619,seri,lord,cent,1434357
620,late,proper,accur,1434357
621,writ,understood,558,1434357
622,proceed,eighteen,falsehood,1434357
623,enlarg,unmistak,sold,1434357
624,period,harrison,liter,1434357
625,135,consolid,guilti,1434357
626,forfeit,taney,itself19,1434357
627,annex,affirm,els,1434357
628,incorrect,passag,567570,1434357
629,interf,special,464,1434357
630,2,italic,deliv,1434357
631,natur,memoranda,227000,1434357
632,languag,ignor,liber,1434357
633,oppos,interf,trend,1434357
634,greatli,element,admonit,1434357
635,settl,june,465470,1434357
636,empow,1185,116,1434357
637,valuabl,greatli,probabl,1434357
638,ask,aris,thing,1434357
639,ed,insert,import,1434357
640,oldag,ask,time,1434357
641,conceiv,polit,1905,1434357
642,wil,untru,279,1434357
643,dividend,brewer,jame,1434357
644,st,embrac,daniel,1434357
645,succeed,senat,integr,1434357
646,spread,conductor,608611,1434357
647,prove,unauthor,sue,1434357
648,unmistak,satisfi,level,1434357
649,idea,bar,wherebi,1434357
650,principl,liabl,requir,1434357
651,submit,28th,oftenrep,1434357
652,mckenna,care,evolv,1434357
653,lynch,titl,dispos,1434357
654,opinion——,23d,5156,1434357
655,stamp,use,instanc,1434357
656,nation,ray,defenc,1434357
657,imput,valuabl,amendment15,1434357
658,ii,su,promulg,1434357
659,oblig,disabl,takehom,1434357
660,abridg,second,hurwitz,1434357
661,pay,forsythand,1909,1434357
662,obscur,plaintiffvhenri,undersecretari,1434357
663,heretofor,answer,3289,1434357
664,proce,572,96000,1434357
665,10th,stand,regard,1434357
666,reexamin,9,effici,1434357
667,sworn,confound,system5,1434357
668,yard,valid,primari,1434357
669,unconstitut,attorneygener,regul,1434357
670,embodi,accept,amendment12,1434357
671,sec,believ,everywher,1434357
672,line,earliest,congserv,1434357
673,octob,allow,merrion,1434357
674,perri,insur,c,1434357
675,primari,alfr,exactli,1434357
676,unten,idea,190000,1434357
677,inconsist,outcom,ibid9,1434357
678,feder,beyond,fulfil,1434357
679,committe,andcopartn,7072,1434357
680,moment,current,mid1970,1434357
681,rev,1883,3287,1434357
682,116,1830,907,1434357
683,revers,led2d,strongest,1434357
684,year,permit,stamp,1434357
685,strang,1871,heard,1434357
686,misdemeanor,percent,yard,1434357
687,omiss,rate,2390,1434357
688,view,independ,system4,1434357
689,earn,differ,202,1434357
690,daniel,period,178,1434357
691,1905,swear,432,1434357
692,human,documentari,send,1434357
693,beyond,thu,littl,1434357
694,health,repos,fica,1434357
695,unwil,arose——,everchang,1434357
696,duli,19th,jicarilla,1434357
697,q,recept,fairli,1434357
698,1909,mercantil,serv,1434357
699,scheme,fact,strong,1434357
700,inclin,sever,session,1434357
701,arisen,unimport,polit,1434357
702,georg,servant,undoubtedli,1434357
703,import,796,lade,1434357
704,privileg,remit,34000,1434357
705,inasmuch,sue,19831,1434357
706,session,truth,5153,1434357
707,wherebi,account,187,1434357
708,pursuanc,creder,demurr,1434357
709,adapt,forth,q,1434357
710,insur,southwestern,strict,1434357
711,approxim,interview,191,1434357
712,fit,certain,181,1434357
713,els,claus,it10,1434357
714,see,harmon,assembl,1434357
715,charter,7,470,1434357
716,resid,besid,atchison,1434357
717,consider,recollect,5456,1434357
718,level,3d,longrun,1434357
719,presumpt,defenc,foot,1434357
720,perfectli,suitabl,1960,1434357
721,strong,tebbett,188,1434357
722,sinc,el,deliber,1434357
723,accord,dismiss,19,1434357
724,dc,mirror,practic,1434357
725,interest,least,duti,1434357
726,eight,thereto,job,1434357
727,morehead,governor,222,1434357
728,lord,150,satisfi,1434357
729,old,pp,thereto,1434357
730,simpli,kept,del,1434357
731,contend,appelle,senat,1434357
732,rout,deem,enumer,1434357
733,1,familiar,larg,1434357
734,action,882,467468,1434357
735,heckler,613,eight,1434357
736,levi,best,care,1434357
737,notifi,decemb,workforc,1434357
738,279,ship,penalti,1434357
739,en,class,610611,1434357
740,plead,definit,576577,1434357
741,bridg,wm,unexercis,1434357
742,insert,320,209,1434357
743,plff,give,reluct,1434357
744,break,clear,fit,1434357
745,review,355,plff,1434357
746,violat,419,construct,1434357
747,sever,came,ii,1434357
748,expos,846,7172,1434357
749,represent,remark,commprint,1434357
750,undoubtedli,prevent,dc,1434357
751,1435,remedi,therefrom,1434357
752,joseph,788,exposit,1434357
753,accur,third,worthi,1434357
754,adjudg,sinc,let,1434357
755,promulg,littl,97th,1434357
756,answer,243,adjourn,1434357
757,liber,lade,350351,1434357
758,liter,13,correspond,1434357
759,fsupp,quash,720,1434357
760,thompson,180,5354,1434357
761,brought,yield,settl,1434357
762,464,911,1452,1434357
763,declar,dc,contain,1434357
764,sfr,whilst,intrust,1434357
765,202,levi,none,1434357
766,studi,owner,unless,1434357
767,reduc,mischief,1844,1434357
768,enumer,receipt,useless,1434357
769,orlean,request,follows——,1434357
770,send,240,underwrit,1434357
771,justic,temporari,compens,1434357
772,eighth,242,3d,1434357
773,hundr,process,banker,1434357
774,decis,structur,resembl,1434357
775,thereto,1951,prejud,1434357
776,commun,bear,copi,1434357
777,unanim,241,requisit,1434357
778,signific,frame,94th,1434357
779,effici,aros,unforese,1434357
780,use,assembl,eighth,1434357
781,deliber,moorehead,dividend,1434357
782,otto,lawmak,proportion,1434357
783,558,seri,catastroph,1434357
784,infer,late,someth,1434357
785,comprehens,enlarg,static,1434357
786,disregard,affect,603,1434357
787,best,plea,700,1434357
788,3d,135,235,1434357
789,make,forfeit,apach,1434357
790,foot,annex,strengthen,1434357
791,although,incorrect,health,1434357
792,178,unanim,1453,1434357
793,chap,natur,prove,1434357
794,accus,empow,subject,1434357
795,1367,comprehens,view,1434357
796,191,commit,independ,1434357
797,solicitor,15,oblig,1434357
798,job,ed,offend,1434357
799,deliv,five,come,1434357
800,correspond,oldag,crossmot,1434357
801,intend,conceiv,scheme,1434357
802,version,dividend,rise,1434357
803,fulfil,st,add,1434357
804,181,shown,earmark,1434357
805,187,succeed,enrol,1434357
806,222,spread,2627,1434357
807,offend,14,thompson,1434357
808,188,cover,came,1434357
809,intent,last,mclean,1434357
810,presum,mckenna,vener,1434357
811,opportun,lynch,joseph,1434357
812,look,none,ser,1434357
813,6,opinion——,style,1434357
814,truth,stamp,1373,1434357
815,1441,though,1434,1434357
816,superad,nation,connect,1434357
817,25,imput,11,1434357
818,therefrom,ii,twoyear,1434357
819,deni,consider,1372,1434357
820,extrem,abridg,authorit,1434357
821,prejudic,deni,nearli,1434357
822,let,suffici,humbl,1434357
823,previou,pay,subsequ,1434357
824,suffer,obscur,bold,1434357
825,bar,condit,bear,1434357
826,strict,inde,denomin,1434357
827,thought,review,governor,1434357
828,209,10th,backdrop,1434357
829,scope,reexamin,inconsist,1434357
830,either,sworn,crisi,1434357
831,105,25,number,1434357
832,nonprofit,yard,resolv,1434357
833,jame,unconstitut,broker,1434357
834,entitl,sec,pp,1434357
835,confer,line,payrol,1434357
836,attach,octob,numer,1434357
837,kept,perri,definit,1434357
838,procedur,remain,81st,1434357
839,passeng,primari,pass,1434357
840,1960,unten,spoken,1434357
841,heard,inconsist,rev,1434357
842,afford,equiti,rout,1434357
843,argument,feder,least,1434357
844,432,suggest,interrel,1434357
845,imprison,moment,reenter,1434357
846,individu,rev,resent,1434357
847,edward,charact,concis,1434357
848,publish,116,difficulti,1434357
849,entertain,strang,collect,1434357
850,punctual,misdemeanor,beyond,1434357
851,evid,favor,controvert,1434357
852,say,light,judgment,1434357
853,commit,earn,billion,1434357
854,cover,daniel,foreclos,1434357
855,thereaft,1905,571,1434357
856,remark,date,1104,1434357
857,count,17,1300,1434357
858,familiar,function,signific,1434357
859,470,human,represent,1434357
860,someth,health,letter,1434357
861,fine,unwil,reviv,1434357
862,pacif,scope,accompani,1434357
863,dispos,q,dollar,1434357
864,least,left,intend,1434357
865,loss,1909,incumb,1434357
866,comp,scheme,concomit,1434357
867,independ,inclin,oblige,1434357
868,resort,arisen,underli,1434357
869,care,set,1314,1434357
870,ari,10,basic,1434357
871,appellantsvpubl,privileg,resort,1434357
872,85521,alleg,chief,1434357
873,edcal1985,exclud,heed,1434357
874,410a7,inasmuch,scope,1434357
875,418b5,session,longterm,1434357
876,secretary7,wherebi,subsidi,1434357
877,418g1,adapt,budget,1434357
878,418g3,b,willard,1434357
879,418g13,loss,lender,1434357
880,persons14,thereaft,stand,1434357
881,cal198517,far,unconstitut,1434357
882,130418,fairli,intact,1434357
883,137173,approxim,entiti,1434357
884,14511454,fit,fraud,1434357
885,43436,els,oti,1434357
886,137273,charter,initi,1434357
887,wmcp9734,level,tenth,1434357
888,19,presumpt,enabl,1434357
889,agent,possibl,thirdparti,1434357
890,address,perfectli,need,1434357
891,exactli,strong,believ,1434357
892,add,eight,benefit,1434357
893,accompani,morehead,solicitor,1434357
894,nearli,rout,appear,1434357
895,prosecut,heckler,say,1434357
896,99,enabl,105,1434357
897,larg,integr,receipt,1434357
898,five,279,id,1434357
899,draw,en,endur,1434357
900,four,plead,repeat,1434357
901,fix,consist,person,1434357
902,stand,bridg,anomali,1434357
903,sanction,plff,function,1434357
904,regular,break,imposs,1434357
905,consequ,oper,ensur,1434357
906,danger,expos,earn,1434357
907,juli,represent,1004,1434357
908,fairli,undoubtedli,draw,1434357
909,numer,meet,estop,1434357
910,divis,three,entertain,1434357
911,number,concern,1015,1434357
912,opposit,1435,includ,1434357
913,rate,joseph,bowen,1434357
914,liabl,accur,doubtless,1434357
915,mode,never,resid,1434357
916,mandatory11,adjudg,inde,1434357
917,group6,absenc,su,1434357
918,alon,promulg,march,1434357
919,235,liber,forese,1434357
920,copi,liter,quickli,1434357
921,absenc,rep,ask,1434357
922,su,breach,forth,1434357
923,falsehood,fsupp,opposit,1434357
924,interpret,thompson,reprint,1434357
925,light,464,older,1434357
926,famili,sfr,363,1434357
927,certain,202,phoenix,1434357
928,aris,observ,presum,1434357
929,plea,face,deem,1434357
930,meet,enumer,bond,1434357
931,proposit,orlean,sanction,1434357
932,origin,send,sovereignti,1434357
933,pray,initi,ariz,1434357
934,imposs,eighth,breach,1434357
935,descript,hundr,inequit,1434357
936,led,signific,incept,1434357
937,pet,effici,anticip,1434357
938,employees—in,deliber,840,1434357
939,9813,difficulti,necessari,1434357
940,198384,otto,solv,1434357
941,cal1985,argu,894,1434357
942,80,john,912,1434357
943,serv,558,exercis,1434357
944,texa,requisit,monetari,1434357
945,equiti,foot,842,1434357
946,receipt,178,modif,1434357
947,convict,chap,1986,1434357
948,admonit,accus,prejudic,1434357
949,trend,resolv,edward,1434357
950,novemb,continu,sec,1434357
951,punish,1367,civilian,1434357
952,left,191,union,1434357
953,suppos,solicitor,whole,1434357
954,aver,job,publ,1434357
955,paper,correspond,292,1434357
956,good,agre,fsupp,1434357
957,foreclos,sens,famili,1434357
958,came,sum,sink,1434357
959,13042,version,perform,1434357
960,both8,fulfil,attract,1434357
961,43435,181,whatsoev,1434357
962,employees16,187,451,1434357
963,350354,222,point,1434357
964,payasyougo,offend,heart,1434357
965,verdict,well,thereaft,1434357
966,perform,thereof,1985,1434357
967,bind,188,hope,1434357
968,introduc,presum,294,1434357
969,tax,opportun,drop,1434357
970,believ,offici,constant,1434357
971,chicago,even,presumpt,1434357
972,atchison,suit,seen,1434357
973,testimoni,insist,liabl,1434357
974,distinct,bring,attent,1434357
975,brown,1441,powel,1434357
976,attent,superad,regular,1434357
977,conclud,therefrom,719,1434357
978,seen,prejudic,99,1434357
979,liberti,engag,welfar,1434357
980,prevent,let,left,1434357
981,herein,strict,publish,1434357
982,9821,209,implicit,1434357
983,repeat,105,declar,1434357
984,rise,nonprofit,259,1434357
985,embrac,attach,flexibl,1434357
986,alreadi,procedur,notwithstand,1434357
987,bring,passeng,past,1434357
988,adjud,1960,confid,1434357
989,notwithstand,afford,demur,1434357
990,compli,432,634,1434357
991,claim,imprison,effect,1434357
992,difficulti,edward,hereinaft,1434357
993,enrol,publish,lifetim,1434357
994,evolv,entertain,conceal,1434357
995,deem,punctual,1819,1434357
996,depriv,seem,option,1434357
997,907,necessarili,721,1434357
998,went,count,occurr,1434357
999,back,470,vast,1434357
